time,temperature_2m_mean (°C),temperature_2m_max (°C),temperature_2m_min (°C),sunrise (iso8601),sunset (iso8601),rain_sum (mm),wind_speed_10m_max (km/h),wind_gusts_10m_max (km/h)
2024-03-01,25.5,33.7,19,2024-03-01 07:00,2024-03-01 18:38,0,32,49.3
2024-03-02,21.4,25.6,15.2,2024-03-02 06:59,2024-03-02 18:39,2.2,36.9,62.6
2024-03-03,15.8,22.4,9,2024-03-03 06:58,2024-03-03 18:39,0,16.9,30.2
2024-03-04,15.7,22.5,8.2,2024-03-04 06:57,2024-03-04 18:40,0,14.3,19.4
2024-03-05,17.6,24.2,11.3,2024-03-05 06:56,2024-03-05 18:40,0,19.8,33.5
2024-03-06,18.1,23.1,12.5,2024-03-06 06:55,2024-03-06 18:41,0.4,16,29.9
2024-03-07,20.4,28.5,10.9,2024-03-07 06:54,2024-03-07 18:41,0,18.8,27.7
2024-03-08,21.3,27.8,14,2024-03-08 06:53,2024-03-08 18:42,0,15.2,27
2024-03-09,21.9,28.1,15.1,2024-03-09 06:52,2024-03-09 18:43,0,18.2,26.6
2024-03-10,23.9,30.7,16.7,2024-03-10 06:51,2024-03-10 18:43,0,12.6,24.8
2024-03-11,25.3,32.6,17.9,2024-03-11 06:50,2024-03-11 18:44,0,14.5,25.9
2024-03-12,24.5,31,17.5,2024-03-12 06:49,2024-03-12 18:44,0,12.4,23.8
2024-03-13,23.7,30.7,16,2024-03-13 06:48,2024-03-13 18:45,0,22.9,37.4
2024-03-14,23.8,30,16.6,2024-03-14 06:47,2024-03-14 18:45,0,14.2,23
2024-03-15,24.2,30.4,18.3,2024-03-15 06:46,2024-03-15 18:46,0,18.6,28.1
2024-03-16,24.4,30.9,17.9,2024-03-16 06:45,2024-03-16 18:46,0,16.9,29.9
2024-03-17,24.3,30.9,17.6,2024-03-17 06:44,2024-03-17 18:47,0,14.9,25.6
2024-03-18,24.3,32.1,16.4,2024-03-18 06:43,2024-03-18 18:47,0,13.4,23.4
2024-03-19,25.9,34.2,16.1,2024-03-19 06:42,2024-03-19 18:48,0,17,31.3
2024-03-20,26.6,33.5,19.5,2024-03-20 06:40,2024-03-20 18:48,0,18.4,27.4
2024-03-21,27.5,35.1,19.6,2024-03-21 06:39,2024-03-21 18:49,0,13.3,25.2
2024-03-22,27.6,36.3,19.4,2024-03-22 06:38,2024-03-22 18:49,0,15,28.1
2024-03-23,29.4,36.8,20.8,2024-03-23 06:37,2024-03-23 18:50,0,18.4,28.4
2024-03-24,30.2,36.3,23.6,2024-03-24 06:36,2024-03-24 18:50,0,17.9,25.9
2024-03-25,29.7,36.5,21.5,2024-03-25 06:35,2024-03-25 18:51,0,11.9,22
2024-03-26,31,38.3,22.9,2024-03-26 06:34,2024-03-26 18:51,0,15.2,27.4
2024-03-27,32.3,39.5,24.8,2024-03-27 06:33,2024-03-27 18:51,0,20.4,33.8
2024-03-28,31.9,38.6,25.2,2024-03-28 06:32,2024-03-28 18:52,0,22.9,38.2
2024-03-29,31.1,37.8,24.6,2024-03-29 06:31,2024-03-29 18:52,0,23.1,38.5
2024-03-30,29.4,35.3,23.5,2024-03-30 06:30,2024-03-30 18:53,0,26.8,43.9
2024-03-31,28.7,35.3,21.2,2024-03-31 06:28,2024-03-31 18:53,0,16.4,25.6
2024-04-01,28.2,34.7,21.8,2024-04-01 06:27,2024-04-01 18:54,0,20,33.5
2024-04-02,29,36.5,20,2024-04-02 06:26,2024-04-02 18:54,0,14.8,26.6
2024-04-03,29.6,35.3,24.3,2024-04-03 06:25,2024-04-03 18:55,0,21.2,37.1
2024-04-04,30.2,36.8,22.2,2024-04-04 06:24,2024-04-04 18:55,0,26.4,42.1
2024-04-05,30,35.1,25.2,2024-04-05 06:23,2024-04-05 18:56,0,18.4,28.4
2024-04-06,29.1,35.2,21.1,2024-04-06 06:22,2024-04-06 18:56,0,12.6,19.1
2024-04-07,30,37.2,22,2024-04-07 06:21,2024-04-07 18:57,0,14.2,36
2024-04-08,31,38.6,21.1,2024-04-08 06:20,2024-04-08 18:57,0,11.1,19.8
2024-04-09,31.4,38.5,23,2024-04-09 06:19,2024-04-09 18:58,0,13.7,23
2024-04-10,32.4,39,25.2,2024-04-10 06:18,2024-04-10 18:58,0,26.6,42.1
2024-04-11,31.6,39.4,23.7,2024-04-11 06:17,2024-04-11 18:59,0,18.2,29.2
2024-04-12,31.5,37.6,24,2024-04-12 06:16,2024-04-12 18:59,0,16.2,28.8
2024-04-13,31.8,38.4,25,2024-04-13 06:15,2024-04-13 19:00,0,18.1,32
2024-04-14,30,35.8,24.1,2024-04-14 06:14,2024-04-14 19:00,0.1,24.5,38.5
2024-04-15,29.4,35.9,23.5,2024-04-15 06:13,2024-04-15 19:01,0,24.2,40.7
2024-04-16,29.3,34.6,23.4,2024-04-16 06:12,2024-04-16 19:01,0,15,27.4
2024-04-17,30.5,37.5,23.8,2024-04-17 06:11,2024-04-17 19:02,0,19.4,33.5
2024-04-18,29.8,37.7,24.9,2024-04-18 06:10,2024-04-18 19:02,0.2,34.1,53.3
2024-04-19,29.6,36.5,22.7,2024-04-19 06:09,2024-04-19 19:03,0,38.1,58.7
2024-04-20,29.2,34.2,23.4,2024-04-20 06:08,2024-04-20 19:03,0,18.9,30.2
2024-04-21,30.3,35.4,24.7,2024-04-21 06:07,2024-04-21 19:04,0,21.5,35.6
2024-04-22,30.7,36.4,23.9,2024-04-22 06:06,2024-04-22 19:04,0,14.4,24.5
2024-04-23,31.5,38.3,23.2,2024-04-23 06:06,2024-04-23 19:05,0,19.7,32.8
2024-04-24,31.8,39.2,23.4,2024-04-24 06:05,2024-04-24 19:05,0,19.3,30.6
2024-04-25,32.7,39.7,25.5,2024-04-25 06:04,2024-04-25 19:06,0,18.4,31.3
2024-04-26,32.7,38.4,26.5,2024-04-26 06:03,2024-04-26 19:06,0,29.5,47.5
2024-04-27,31.8,37.1,24.5,2024-04-27 06:02,2024-04-27 19:07,0,25,42.5
2024-04-28,32.4,38.2,25.6,2024-04-28 06:01,2024-04-28 19:07,0,17.4,26.6
2024-04-29,31.7,37.5,25,2024-04-29 06:00,2024-04-29 19:08,0,26.7,44.3
2024-04-30,29.9,37.2,21.6,2024-04-30 06:00,2024-04-30 19:09,0,19.9,35.6
2024-05-01,29,35.5,21.5,2024-05-01 05:59,2024-05-01 19:09,0,18.1,31.3
2024-05-02,28.9,35.9,20.6,2024-05-02 05:58,2024-05-02 19:10,0,14.5,24.5
2024-05-03,31.3,39.5,21.4,2024-05-03 05:57,2024-05-03 19:10,0,13.7,24.5
2024-05-04,33.4,39.4,28.4,2024-05-04 05:57,2024-05-04 19:11,0,28.2,45
2024-05-05,33.6,39.8,26.4,2024-05-05 05:56,2024-05-05 19:11,0,17.2,28.8
2024-05-06,34.4,40.4,26.9,2024-05-06 05:55,2024-05-06 19:12,0,15,25.2
2024-05-07,36.1,42.4,27.9,2024-05-07 05:55,2024-05-07 19:12,0,16.5,29.2
2024-05-08,37.1,43.9,29.3,2024-05-08 05:54,2024-05-08 19:13,0,17.4,28.1
2024-05-09,36.7,43.8,28.2,2024-05-09 05:53,2024-05-09 19:13,0,18.5,29.5
2024-05-10,37.3,43.5,29.7,2024-05-10 05:53,2024-05-10 19:14,0,25,39.6
2024-05-11,35.6,40.8,28.2,2024-05-11 05:52,2024-05-11 19:15,0.1,22.4,35.3
2024-05-12,35.5,41.3,27.4,2024-05-12 05:51,2024-05-12 19:15,0,20.8,36
2024-05-13,36,42.2,29.5,2024-05-13 05:51,2024-05-13 19:16,0,23,34.6
2024-05-14,34.9,41.5,29.6,2024-05-14 05:50,2024-05-14 19:16,0,20.2,31.3
2024-05-15,35.7,43.4,27.1,2024-05-15 05:50,2024-05-15 19:17,0,18.5,31
2024-05-16,36.9,42.7,28.5,2024-05-16 05:49,2024-05-16 19:17,0,25.5,38.2
2024-05-17,38.3,44.1,31.4,2024-05-17 05:49,2024-05-17 19:18,0,30,59
2024-05-18,38.2,44.5,31.4,2024-05-18 05:48,2024-05-18 19:18,0,19.2,31.3
2024-05-19,38.4,44.7,30.8,2024-05-19 05:48,2024-05-19 19:19,0,32.1,50
2024-05-20,37.6,43.5,31.2,2024-05-20 05:47,2024-05-20 19:19,0,21.5,32.4
2024-05-21,37.2,44.3,30.4,2024-05-21 05:47,2024-05-21 19:20,0,18.4,34.2
2024-05-22,38.2,45.5,29,2024-05-22 05:47,2024-05-22 19:21,0,23.7,36.7
2024-05-23,39.1,45.8,30.1,2024-05-23 05:46,2024-05-23 19:21,0,25.1,38.2
2024-05-24,39.2,45.7,30.6,2024-05-24 05:46,2024-05-24 19:22,0,22.3,33.8
2024-05-25,39.6,45.8,32.6,2024-05-25 05:46,2024-05-25 19:22,0,21.7,34.9
2024-05-26,39.8,47.3,31.9,2024-05-26 05:45,2024-05-26 19:23,0,26,41.4
2024-05-27,39.4,48,33.3,2024-05-27 05:45,2024-05-27 19:23,0,31,51.5
2024-05-28,37.2,45.1,31.7,2024-05-28 05:45,2024-05-28 19:24,0,32.7,52.9
2024-05-29,36.1,42.2,30.3,2024-05-29 05:45,2024-05-29 19:24,0,34.1,52.2
2024-05-30,36.6,43.3,29.6,2024-05-30 05:44,2024-05-30 19:25,0,28.3,42.5
2024-05-31,36.3,41.8,30.6,2024-05-31 05:44,2024-05-31 19:25,0,28.3,46.1
2024-06-01,35.7,40.8,30.6,2024-06-01 05:44,2024-06-01 19:26,0,24.2,41
2024-06-02,35.7,40.4,31,2024-06-02 05:44,2024-06-02 19:26,0,23.2,40.7
2024-06-03,36.1,41.7,29.9,2024-06-03 05:44,2024-06-03 19:27,0,20.3,35.6
2024-06-04,36.3,40.9,31.4,2024-06-04 05:44,2024-06-04 19:27,0,27.5,44.6
2024-06-05,34.8,40.3,29.6,2024-06-05 05:43,2024-06-05 19:27,0,29.1,48.2
2024-06-06,34.7,39.9,29.1,2024-06-06 05:43,2024-06-06 19:28,0,20.4,36.4
2024-06-07,35.5,40,30.4,2024-06-07 05:43,2024-06-07 19:28,0.4,22.1,34.9
2024-06-08,33.4,39.1,25.5,2024-06-08 05:43,2024-06-08 19:29,1.6,30.1,47.9
2024-06-09,35.5,41.3,28,2024-06-09 05:43,2024-06-09 19:29,0,23,36.4
2024-06-10,36.1,42.8,29.4,2024-06-10 05:43,2024-06-10 19:29,0,18.1,31.3
2024-06-11,35.9,41.4,30.8,2024-06-11 05:43,2024-06-11 19:30,0,22.4,35.6
2024-06-12,34.7,39.6,30.1,2024-06-12 05:43,2024-06-12 19:30,0,24.4,36.7
2024-06-13,34.4,39.2,30.3,2024-06-13 05:44,2024-06-13 19:31,0,26.2,43.2
2024-06-14,34.2,39.4,29.7,2024-06-14 05:44,2024-06-14 19:31,0,26.8,43.6
2024-06-15,34.5,38.9,30.2,2024-06-15 05:44,2024-06-15 19:31,0,20.8,36
2024-06-16,36,40.7,31.3,2024-06-16 05:44,2024-06-16 19:32,0,22.6,36.7
2024-06-17,36.5,40.8,32.3,2024-06-17 05:44,2024-06-17 19:32,0,21.8,36.7
2024-06-18,35.9,39.8,32.3,2024-06-18 05:44,2024-06-18 19:32,0,31.7,49.7
2024-06-19,35.1,39.9,30.3,2024-06-19 05:44,2024-06-19 19:32,0,28.1,46.4
2024-06-20,35.1,40,30.4,2024-06-20 05:45,2024-06-20 19:33,0,26.6,42.1
2024-06-21,35,39.5,30.4,2024-06-21 05:45,2024-06-21 19:33,0,22.7,37.4
2024-06-22,34.7,39.8,28.8,2024-06-22 05:45,2024-06-22 19:33,0,17.5,29.5
2024-06-23,36.8,42,30.9,2024-06-23 05:45,2024-06-23 19:33,0.1,19.1,31
2024-06-24,35.7,40.1,30.7,2024-06-24 05:45,2024-06-24 19:33,0,28.1,54.4
2024-06-25,33.3,40.8,29.1,2024-06-25 05:46,2024-06-25 19:33,0.4,24.4,59.8
2024-06-26,30.8,38.2,27.1,2024-06-26 05:46,2024-06-26 19:34,12.4,25,46.8
2024-06-27,29.4,34.2,27.2,2024-06-27 05:46,2024-06-27 19:34,31.8,16.4,26.6
2024-06-28,28.7,32.4,26.9,2024-06-28 05:47,2024-06-28 19:34,14.4,8.2,23
2024-06-29,29,33,27,2024-06-29 05:47,2024-06-29 19:34,5.7,16.4,26.3
2024-06-30,29.6,33.8,26.4,2024-06-30 05:47,2024-06-30 19:34,0.8,22.1,32.4
2024-07-01,30.2,35.3,26.3,2024-07-01 05:48,2024-07-01 19:34,0.2,19.1,29.5
2024-07-02,30.8,35.1,26.6,2024-07-02 05:48,2024-07-02 19:34,0.2,22.1,32.4
2024-07-03,31.9,36.7,27,2024-07-03 05:49,2024-07-03 19:34,0,20.9,32.8
2024-07-04,31.3,34.9,28.6,2024-07-04 05:49,2024-07-04 19:34,0,20.1,33.1
2024-07-05,31.2,35.8,28.1,2024-07-05 05:49,2024-07-05 19:34,7,23.7,37.8
2024-07-06,31.1,36.2,27.2,2024-07-06 05:50,2024-07-06 19:34,0,25.9,40.7
2024-07-07,31,34.9,27.8,2024-07-07 05:50,2024-07-07 19:34,0,21,33.5
2024-07-08,31.8,35.9,27.6,2024-07-08 05:51,2024-07-08 19:34,0.4,17.5,29.2
2024-07-09,31.8,36.8,27.2,2024-07-09 05:51,2024-07-09 19:33,3.2,12.9,21.2
2024-07-10,32.3,36.8,28.1,2024-07-10 05:51,2024-07-10 19:33,0,23,34.9
2024-07-11,33.2,38,28.6,2024-07-11 05:52,2024-07-11 19:33,0,24.9,37.4
2024-07-12,33.1,38.5,27.8,2024-07-12 05:52,2024-07-12 19:33,0.5,28.7,46.4
2024-07-13,32.7,38.3,27.3,2024-07-13 05:53,2024-07-13 19:33,0.5,31.3,50.4
2024-07-14,33.2,38.7,29.5,2024-07-14 05:53,2024-07-14 19:32,0,18.4,32.4
2024-07-15,32.1,38.2,28.2,2024-07-15 05:54,2024-07-15 19:32,0.7,14.8,34.2
2024-07-16,33.3,38.4,28,2024-07-16 05:54,2024-07-16 19:32,0.9,17.4,29.5
2024-07-17,32.2,38.8,27.3,2024-07-17 05:55,2024-07-17 19:31,6.5,20.1,31.7
2024-07-18,31.2,38.4,27.8,2024-07-18 05:55,2024-07-18 19:31,13.9,20.4,42.1
2024-07-19,30.6,36.5,27.4,2024-07-19 05:56,2024-07-19 19:31,1,12,35.3
2024-07-20,33.7,38.8,28.7,2024-07-20 05:56,2024-07-20 19:30,0.2,11.9,26.3
2024-07-21,34.4,39.9,30.1,2024-07-21 05:57,2024-07-21 19:30,1,18.8,31.3
2024-07-22,33,38.7,28.5,2024-07-22 05:57,2024-07-22 19:29,13.8,20.5,31.7
2024-07-23,31.3,35.8,27.8,2024-07-23 05:58,2024-07-23 19:29,0.3,18,27.4
2024-07-24,32.8,38.2,28.1,2024-07-24 05:58,2024-07-24 19:29,0.1,21.3,31.3
2024-07-25,31.9,36.1,28,2024-07-25 05:59,2024-07-25 19:28,0,23.9,35.6
2024-07-26,31.4,36.3,27.4,2024-07-26 05:59,2024-07-26 19:28,4.1,23.7,36.7
2024-07-27,31.5,35.9,27.9,2024-07-27 06:00,2024-07-27 19:27,0,21,32.4
2024-07-28,30.9,35.1,27.2,2024-07-28 06:00,2024-07-28 19:27,7.9,11.2,25.2
2024-07-29,33.1,38.3,29,2024-07-29 06:01,2024-07-29 19:26,0.6,22,35.6
2024-07-30,32.3,37.5,28.4,2024-07-30 06:01,2024-07-30 19:25,2.7,20.7,37.8
2024-07-31,31.1,35.3,27,2024-07-31 06:02,2024-07-31 19:25,0.6,23,35.6
2024-08-01,29.1,32.1,27.2,2024-08-01 06:02,2024-08-01 19:24,2.1,26.7,41.8
2024-08-02,26.3,27.8,25.3,2024-08-02 06:03,2024-08-02 19:24,136.2,24.9,38.5
2024-08-03,26.9,29.9,24.9,2024-08-03 06:03,2024-08-03 19:23,2.8,25.9,40.3
2024-08-04,27.1,30.3,25.5,2024-08-04 06:04,2024-08-04 19:22,27,15.2,28.1
2024-08-05,26.4,28.3,25.1,2024-08-05 06:04,2024-08-05 19:21,38.6,21.3,31.7
2024-08-06,26.6,29.8,24.8,2024-08-06 06:05,2024-08-06 19:21,25.3,29,44.3
2024-08-07,27.3,30.8,25.3,2024-08-07 06:05,2024-08-07 19:20,0.6,25.5,39.2
2024-08-08,27.6,31,25.2,2024-08-08 06:06,2024-08-08 19:19,0.3,20.8,33.1
2024-08-09,27.3,29.3,25.3,2024-08-09 06:06,2024-08-09 19:18,4.4,18.7,30.2
2024-08-10,28,31.2,25.2,2024-08-10 06:07,2024-08-10 19:18,7.9,24.5,36.7
2024-08-11,28,31.3,25.4,2024-08-11 06:07,2024-08-11 19:17,1.1,25.4,38.9
2024-08-12,28.3,31.8,25.6,2024-08-12 06:08,2024-08-12 19:16,1.1,17.7,28.8
2024-08-13,28.4,32.8,25.7,2024-08-13 06:08,2024-08-13 19:15,9,16.4,33.1
2024-08-14,27.5,31.7,25.5,2024-08-14 06:09,2024-08-14 19:14,26.7,16.6,28.1
2024-08-15,27.6,30.7,25.7,2024-08-15 06:09,2024-08-15 19:13,7.1,18.8,29.5
2024-08-16,26.6,29.3,25.5,2024-08-16 06:10,2024-08-16 19:12,15.1,23.2,36.7
2024-08-17,27.2,30.7,25.1,2024-08-17 06:10,2024-08-17 19:12,1.4,22.1,37.4
2024-08-18,28,31.4,24.9,2024-08-18 06:11,2024-08-18 19:11,0.3,18.1,30.2
2024-08-19,28.4,32,24.9,2024-08-19 06:11,2024-08-19 19:10,0,16.7,25.9
2024-08-20,28.7,31.9,25.6,2024-08-20 06:12,2024-08-20 19:09,0.7,16,25.6
2024-08-21,28.9,32.3,26.1,2024-08-21 06:12,2024-08-21 19:08,0.7,10.6,20.2
2024-08-22,28.2,31.9,25.5,2024-08-22 06:12,2024-08-22 19:07,0,13.8,21.6
2024-08-23,28.2,32.5,24.8,2024-08-23 06:13,2024-08-23 19:06,5.6,11.4,19.1
2024-08-24,28.7,33,24.9,2024-08-24 06:13,2024-08-24 19:05,0.1,10.2,17.6
2024-08-25,27.4,30.8,25,2024-08-25 06:14,2024-08-25 19:04,19.5,24.5,41
2024-08-26,27.9,31.8,25.8,2024-08-26 06:14,2024-08-26 19:03,6.5,27.9,43.6
2024-08-27,26.9,29.5,25,2024-08-27 06:15,2024-08-27 19:02,0.3,38.4,56.9
2024-08-28,27.7,31.5,24.6,2024-08-28 06:15,2024-08-28 19:01,0.2,26,41
2024-08-29,28,32,25.3,2024-08-29 06:16,2024-08-29 19:00,2.3,17.9,40.7
2024-08-30,28.1,31.3,25,2024-08-30 06:16,2024-08-30 18:59,0.6,15.8,23.8
2024-08-31,28.1,31.8,25.2,2024-08-31 06:16,2024-08-31 18:58,0.8,10.3,19.1
2024-09-01,28.7,32.7,25.4,2024-09-01 06:17,2024-09-01 18:57,0.6,10,18.4
2024-09-02,29.3,32.7,26.1,2024-09-02 06:17,2024-09-02 18:56,0.3,8.7,19.4
2024-09-03,27.8,32.2,25.2,2024-09-03 06:18,2024-09-03 18:55,27.7,12.6,24.5
2024-09-04,26.3,29,24.4,2024-09-04 06:18,2024-09-04 18:53,12,8.9,18.7
2024-09-05,27.3,31.1,23.8,2024-09-05 06:19,2024-09-05 18:52,0.4,8.9,15.8
2024-09-06,26.4,29.8,24.8,2024-09-06 06:19,2024-09-06 18:51,7.1,15.3,27.4
2024-09-07,27.4,32.1,24.4,2024-09-07 06:19,2024-09-07 18:50,2.4,14.8,23.8
2024-09-08,28.1,32.4,24.5,2024-09-08 06:20,2024-09-08 18:49,2.9,16.4,37.4
2024-09-09,28.8,33.4,25.5,2024-09-09 06:20,2024-09-09 18:48,0.5,11.5,24.1
2024-09-10,28.3,32.6,25.2,2024-09-10 06:21,2024-09-10 18:47,1.3,15.6,23.8
2024-09-11,29.1,34.5,25.8,2024-09-11 06:21,2024-09-11 18:46,0.3,14.8,25.2
2024-09-12,28.9,33.6,25.6,2024-09-12 06:21,2024-09-12 18:45,0,25.7,39.6
2024-09-13,27.2,30.6,24.7,2024-09-13 06:22,2024-09-13 18:44,0,29.3,46.1
2024-09-14,26.2,30.1,23.5,2024-09-14 06:22,2024-09-14 18:42,0,23.7,38.2
2024-09-15,26,30.3,22.5,2024-09-15 06:23,2024-09-15 18:41,0,15.2,27
2024-09-16,26.5,31.6,22.2,2024-09-16 06:23,2024-09-16 18:40,0,13.6,25.6
2024-09-17,26.8,32.2,21.8,2024-09-17 06:24,2024-09-17 18:39,0,12.5,23.4
2024-09-18,28.6,35.9,22.5,2024-09-18 06:24,2024-09-18 18:38,0,17.7,25.6
2024-09-19,28.3,34.6,23.1,2024-09-19 06:24,2024-09-19 18:37,0,20.6,33.5
2024-09-20,28.7,33.9,24.4,2024-09-20 06:25,2024-09-20 18:36,0,9.2,19.1
2024-09-21,29.7,34.7,25.2,2024-09-21 06:25,2024-09-21 18:34,0,12.7,22
2024-09-22,30.7,35.5,26.4,2024-09-22 06:26,2024-09-22 18:33,0,14.5,23.4
2024-09-23,31,36.5,26,2024-09-23 06:26,2024-09-23 18:32,0,13.1,19.1
2024-09-24,31.3,37.2,25.8,2024-09-24 06:26,2024-09-24 18:31,0,14.1,21.2
2024-09-25,32.1,37.6,26.6,2024-09-25 06:27,2024-09-25 18:30,0,16.4,24.1
2024-09-26,32,37.3,27.1,2024-09-26 06:27,2024-09-26 18:29,0.1,13.4,22.3
2024-09-27,30.9,34.9,27,2024-09-27 06:28,2024-09-27 18:28,0.2,15,22.3
2024-09-28,30.3,35.2,25.9,2024-09-28 06:28,2024-09-28 18:27,0,17.3,27.7
2024-09-29,29.9,34.9,25.1,2024-09-29 06:29,2024-09-29 18:26,1,15.6,37.4
2024-09-30,31.3,37,26.6,2024-09-30 06:29,2024-09-30 18:25,0,10.7,21.6
2024-10-01,31.7,37.6,27.1,2024-10-01 06:30,2024-10-01 18:23,0,15.6,27.7
2024-10-02,31.1,37.6,26.3,2024-10-02 06:30,2024-10-02 18:22,0,20.1,34.9
2024-10-03,30.5,36.3,26.4,2024-10-03 06:30,2024-10-03 18:21,0,24.7,41
2024-10-04,28.9,33.9,25,2024-10-04 06:31,2024-10-04 18:20,0,21.6,37.1
2024-10-05,28.2,32.6,24.3,2024-10-05 06:31,2024-10-05 18:19,0,17.7,32
2024-10-06,28.4,34.4,22.4,2024-10-06 06:32,2024-10-06 18:18,0,9.5,19.1
2024-10-07,29.4,35.2,23.6,2024-10-07 06:32,2024-10-07 18:17,0,7.4,14.4
2024-10-08,29.8,35.2,24.6,2024-10-08 06:33,2024-10-08 18:16,0,9.9,14.4
2024-10-09,29.2,34.9,23.8,2024-10-09 06:33,2024-10-09 18:15,0.1,26.9,41.8
2024-10-10,28.6,34.9,22.6,2024-10-10 06:34,2024-10-10 18:14,0,10.5,18.7
2024-10-11,27.6,34.1,20.9,2024-10-11 06:34,2024-10-11 18:13,0,13.5,19.8
2024-10-12,27.7,33.6,21.6,2024-10-12 06:35,2024-10-12 18:12,0,14.1,20.2
2024-10-13,27.7,32.6,23.3,2024-10-13 06:35,2024-10-13 18:11,0,14.4,23.4
2024-10-14,27.7,34.1,22.1,2024-10-14 06:36,2024-10-14 18:10,0,15.2,27
2024-10-15,27.7,34.6,21.8,2024-10-15 06:36,2024-10-15 18:09,0,9.9,20.5
2024-10-16,27.3,34.3,19.6,2024-10-16 06:37,2024-10-16 18:08,0,9.4,18.4
2024-10-17,28,34.4,22.5,2024-10-17 06:37,2024-10-17 18:07,0,10.3,21.2
2024-10-18,28.1,34.2,21.6,2024-10-18 06:38,2024-10-18 18:06,0,8.2,15.8
2024-10-19,27.9,34.9,21.6,2024-10-19 06:39,2024-10-19 18:05,0,11.8,16.2
2024-10-20,27.4,34,21,2024-10-20 06:39,2024-10-20 18:04,0,12.6,17.3
2024-10-21,27.4,33.5,21.4,2024-10-21 06:40,2024-10-21 18:03,0.2,13.3,23.4
2024-10-22,26.8,32.8,22.1,2024-10-22 06:40,2024-10-22 18:02,0,10.7,16.6
2024-10-23,27.2,33.9,21.5,2024-10-23 06:41,2024-10-23 18:02,0.1,10.4,19.4
2024-10-24,26.6,35.3,19.3,2024-10-24 06:41,2024-10-24 18:01,0,17.1,28.1
2024-10-25,26.4,34,19.2,2024-10-25 06:42,2024-10-25 18:00,0,11.9,16.6
2024-10-26,27.5,36,20.9,2024-10-26 06:43,2024-10-26 17:59,0,14.6,20.9
2024-10-27,27.8,35.9,21.6,2024-10-27 06:43,2024-10-27 17:58,0,15,21.6
2024-10-28,28.2,37,22.1,2024-10-28 06:44,2024-10-28 17:57,0,15.1,21.6
2024-10-29,27.9,36.3,21.3,2024-10-29 06:45,2024-10-29 17:57,0,14.5,22.3
2024-10-30,27.9,35.8,20.9,2024-10-30 06:45,2024-10-30 17:56,0,13.5,21.2
2024-10-31,27.4,35.1,19.9,2024-10-31 06:46,2024-10-31 17:55,0,12.6,17.6
2024-11-01,27.3,34.8,20.8,2024-11-01 06:46,2024-11-01 17:55,0,15.3,22.7
2024-11-02,26.7,33.8,20.4,2024-11-02 06:47,2024-11-02 17:54,0,12.2,21.2
2024-11-03,26.7,33.9,20.7,2024-11-03 06:48,2024-11-03 17:53,0,12.6,17.6
2024-11-04,26.4,33.6,19.2,2024-11-04 06:48,2024-11-04 17:52,0,12,17.6
2024-11-05,26.6,33.7,19.1,2024-11-05 06:49,2024-11-05 17:52,0,9.5,13.7
2024-11-06,26.8,34,19.2,2024-11-06 06:50,2024-11-06 17:51,0,8.9,15.1
2024-11-07,26.2,33.9,18.7,2024-11-07 06:50,2024-11-07 17:51,0,11.8,16.2
2024-11-08,25.9,33.6,18.9,2024-11-08 06:51,2024-11-08 17:50,0,12.5,17.6
2024-11-09,26.4,33.5,19,2024-11-09 06:52,2024-11-09 17:50,0,11.4,18
2024-11-10,25.1,32.9,17.6,2024-11-10 06:53,2024-11-10 17:49,0,8.9,14.8
2024-11-11,25.2,32.7,17.1,2024-11-11 06:53,2024-11-11 17:49,0,9.9,14.8
2024-11-12,24.4,31.9,17.1,2024-11-12 06:54,2024-11-12 17:48,0,8.5,14.8
2024-11-13,23.5,31.2,16.5,2024-11-13 06:55,2024-11-13 17:48,0,10.7,17.6
2024-11-14,23.4,31.3,16.3,2024-11-14 06:55,2024-11-14 17:47,0,10,23.8
2024-11-15,22.8,30.7,16,2024-11-15 06:56,2024-11-15 17:47,0,9.4,15.8
2024-11-16,22.5,30.1,16.3,2024-11-16 06:57,2024-11-16 17:47,0,9.2,17.3
2024-11-17,21.9,29.7,16.9,2024-11-17 06:58,2024-11-17 17:46,0,7.6,17.6
2024-11-18,20.1,28.2,13.6,2024-11-18 06:58,2024-11-18 17:46,0,7.6,17.3
2024-11-19,19.7,28.1,13.1,2024-11-19 06:59,2024-11-19 17:46,0,6.9,15.8
2024-11-20,19.5,27.7,12.8,2024-11-20 07:00,2024-11-20 17:45,0,6,14.8
2024-11-21,19.2,27.4,12.1,2024-11-21 07:01,2024-11-21 17:45,0,7.1,14.8
2024-11-22,18.9,27.1,11.7,2024-11-22 07:01,2024-11-22 17:45,0,7.4,14.8
2024-11-23,19.2,27.2,11.9,2024-11-23 07:02,2024-11-23 17:45,0,7.1,16.2
2024-11-24,19.7,28.3,12.7,2024-11-24 07:03,2024-11-24 17:44,0,8.1,16.2
2024-11-25,19.9,28.6,13.3,2024-11-25 07:04,2024-11-25 17:44,0,7.2,17.6
2024-11-26,20.3,28.4,13,2024-11-26 07:04,2024-11-26 17:44,0,5.9,16.9
2024-11-27,20.8,28.9,13.5,2024-11-27 07:05,2024-11-27 17:44,0,6.8,16.6
2024-11-28,20.1,28.8,12.9,2024-11-28 07:06,2024-11-28 17:44,0,10.8,17.3
2024-11-29,19.2,27.3,12.8,2024-11-29 07:07,2024-11-29 17:44,0,9.2,21.2
2024-11-30,18.6,26.8,11.6,2024-11-30 07:07,2024-11-30 17:44,0,12.9,27
2024-12-01,19.5,27.2,12.7,2024-12-01 07:08,2024-12-01 17:44,0,10.6,23.4
2024-12-02,19.7,27.6,13.3,2024-12-02 07:09,2024-12-02 17:44,0,12,25.9
2024-12-03,19.7,27.7,13.7,2024-12-03 07:09,2024-12-03 17:44,0,10.7,23.8
2024-12-04,19.5,27.2,14,2024-12-04 07:10,2024-12-04 17:44,0,9.6,19.1
2024-12-05,18.5,26.2,11.9,2024-12-05 07:11,2024-12-05 17:44,0,7.2,15.1
2024-12-06,18,26,10.9,2024-12-06 07:12,2024-12-06 17:44,0,4,14.8
2024-12-07,17.8,26,11.3,2024-12-07 07:12,2024-12-07 17:45,0,7.4,18.7
2024-12-08,15.7,24.4,7.9,2024-12-08 07:13,2024-12-08 17:45,0,19.3,36.7
2024-12-09,14.5,22.2,8.4,2024-12-09 07:14,2024-12-09 17:45,0,14.1,28.1
2024-12-10,14.7,21.8,9.3,2024-12-10 07:14,2024-12-10 17:45,0,11.5,25.6
2024-12-11,14.6,22.7,7.7,2024-12-11 07:15,2024-12-11 17:46,0,9.4,23
2024-12-12,14.2,22.9,6.3,2024-12-12 07:16,2024-12-12 17:46,0,11.9,18.4
2024-12-13,15,22.3,9,2024-12-13 07:16,2024-12-13 17:46,0,12.9,27.7
2024-12-14,14,23.3,6.1,2024-12-14 07:17,2024-12-14 17:46,0,9.8,21.2
2024-12-15,15.1,25.5,6.7,2024-12-15 07:18,2024-12-15 17:47,0,10.7,23.8
2024-12-16,14.8,24.7,6.9,2024-12-16 07:18,2024-12-16 17:47,0,8.1,15.8
2024-12-17,15,24.2,7.3,2024-12-17 07:19,2024-12-17 17:48,0,13,23.8
2024-12-18,15.3,23.5,8.3,2024-12-18 07:19,2024-12-18 17:48,0,10.9,20.9
2024-12-19,16.2,24.4,9.5,2024-12-19 07:20,2024-12-19 17:48,0,14.3,23.4
2024-12-20,16.3,23.3,10.5,2024-12-20 07:20,2024-12-20 17:49,0,14.5,28.4
2024-12-21,16.8,24.7,10.3,2024-12-21 07:21,2024-12-21 17:49,0,12.2,23.4
2024-12-22,18.9,27.3,12.2,2024-12-22 07:21,2024-12-22 17:50,3.3,15.1,30.2
2024-12-23,18.3,24,13.9,2024-12-23 07:22,2024-12-23 17:50,0.5,11,22
2024-12-24,16.2,22.4,11,2024-12-24 07:22,2024-12-24 17:51,0,14.8,27.4
2024-12-25,16,22.3,10.4,2024-12-25 07:23,2024-12-25 17:51,0,13.8,28.8
2024-12-26,17.6,24.2,12,2024-12-26 07:23,2024-12-26 17:52,0.6,13.6,28.8
2024-12-27,18.4,23.1,14.7,2024-12-27 07:23,2024-12-27 17:53,0.3,14.4,24.5
2024-12-28,14.9,21.3,9.7,2024-12-28 07:24,2024-12-28 17:53,0,11.7,24.5
2024-12-29,14,21.4,8.3,2024-12-29 07:24,2024-12-29 17:54,0,11.4,25.9
2024-12-30,13.6,21.8,7.8,2024-12-30 07:24,2024-12-30 17:55,0,10.5,22
2024-12-31,14.7,23.5,8.6,2024-12-31 07:25,2024-12-31 17:55,0,10.3,21.6
2025-01-01,15.1,24.3,8.2,2025-01-01 07:25,2025-01-01 17:56,0,9.1,18.7
2025-01-02,16.4,25.6,8.9,2025-01-02 07:25,2025-01-02 17:57,0,8.8,14.4
2025-01-03,18.2,27.3,10.6,2025-01-03 07:26,2025-01-03 17:57,0,7.3,13.7
2025-01-04,18,26.9,10.9,2025-01-04 07:26,2025-01-04 17:58,0,10.7,24.8
2025-01-05,17.3,24.7,11.5,2025-01-05 07:26,2025-01-05 17:59,0,16.4,27.7
2025-01-06,15.4,21.9,10.4,2025-01-06 07:26,2025-01-06 17:59,0,15.3,28.4
2025-01-07,13.6,21.5,7,2025-01-07 07:26,2025-01-07 18:00,0,10.2,24.8
2025-01-08,13.9,23,6,2025-01-08 07:26,2025-01-08 18:01,0,7.1,15.5
2025-01-09,16.2,26.1,7.5,2025-01-09 07:26,2025-01-09 18:02,0,14.4,23.8
2025-01-10,17.6,25.7,10.9,2025-01-10 07:26,2025-01-10 18:02,0,12.6,23.8
2025-01-11,16.5,22.4,13,2025-01-11 07:27,2025-01-11 18:03,5.6,11.4,28.1
2025-01-12,13.1,18.5,9.1,2025-01-12 07:27,2025-01-12 18:04,0,14.7,31.3
2025-01-13,13.1,20.4,8.3,2025-01-13 07:26,2025-01-13 18:05,0,11.4,25.9
2025-01-14,14.2,21.7,8.2,2025-01-14 07:26,2025-01-14 18:05,0,12.2,27.7
2025-01-15,15.6,23.5,9.8,2025-01-15 07:26,2025-01-15 18:06,0,16.7,28.4
2025-01-16,14.4,22.5,7.1,2025-01-16 07:26,2025-01-16 18:07,0,10.2,24.5
2025-01-17,14.6,21.9,9,2025-01-17 07:26,2025-01-17 18:08,0,14.8,31.7
2025-01-18,16.5,25.4,9,2025-01-18 07:26,2025-01-18 18:08,0,11.5,19.8
2025-01-19,19.6,27.6,12.7,2025-01-19 07:26,2025-01-19 18:09,0,14,23.4
2025-01-20,19.3,27.1,12.9,2025-01-20 07:26,2025-01-20 18:10,0,11.2,18.7
2025-01-21,19.1,26.9,12.6,2025-01-21 07:25,2025-01-21 18:11,0,11.3,19.4
2025-01-22,19.3,26.9,12.5,2025-01-22 07:25,2025-01-22 18:12,0,12.4,20.5
2025-01-23,18.4,24.9,13,2025-01-23 07:25,2025-01-23 18:12,0,14.5,28.4
2025-01-24,17.1,24.7,10.8,2025-01-24 07:25,2025-01-24 18:13,0,11.5,23.8
2025-01-25,15.5,24.1,8.1,2025-01-25 07:24,2025-01-25 18:14,0,8.5,16.6
2025-01-26,15.5,25.8,6.7,2025-01-26 07:24,2025-01-26 18:15,0,7.8,17.6
2025-01-27,16.1,26.9,7.4,2025-01-27 07:24,2025-01-27 18:16,0,7.7,18
2025-01-28,17.9,28.3,7.9,2025-01-28 07:23,2025-01-28 18:16,0,7.1,15.8
2025-01-29,18.6,28.4,10.4,2025-01-29 07:23,2025-01-29 18:17,0,11.4,24.1
2025-01-30,18.2,27.2,11.5,2025-01-30 07:22,2025-01-30 18:18,0,9.2,14.8
2025-01-31,17.4,25.5,10.4,2025-01-31 07:22,2025-01-31 18:19,0,8.5,17.6
2025-02-01,17.5,25.3,10.5,2025-02-01 07:22,2025-02-01 18:19,0,10.2,17.3
2025-02-02,18.6,25.6,13.6,2025-02-02 07:21,2025-02-02 18:20,0,16.2,33.5
2025-02-03,18.8,26.5,12.3,2025-02-03 07:20,2025-02-03 18:21,0,13.1,28.1
2025-02-04,18.8,25.1,13.7,2025-02-04 07:20,2025-02-04 18:22,0,12.2,21.6
2025-02-05,16.3,24,9.6,2025-02-05 07:19,2025-02-05 18:22,0,9.4,15.8
2025-02-06,16.3,24.8,8.6,2025-02-06 07:19,2025-02-06 18:23,0,9.4,23.8
2025-02-07,16.3,25,9.3,2025-02-07 07:18,2025-02-07 18:24,0,10.1,24.1
2025-02-08,18,27,10.9,2025-02-08 07:17,2025-02-08 18:24,0,9.9,23.8
2025-02-09,18.9,28.5,10.5,2025-02-09 07:17,2025-02-09 18:25,0,8.6,17.3
2025-02-10,19.9,29.5,11.6,2025-02-10 07:16,2025-02-10 18:26,0,12.3,27.4
2025-02-11,20.1,29,12.6,2025-02-11 07:15,2025-02-11 18:27,0,9.5,22
2025-02-12,19.4,27.7,12.1,2025-02-12 07:15,2025-02-12 18:27,0,9.7,15.8
2025-02-13,19.3,27.8,12,2025-02-13 07:14,2025-02-13 18:28,0,8.1,18
2025-02-14,21,30.3,11.5,2025-02-14 07:13,2025-02-14 18:29,0,14.6,29.5
2025-02-15,23.1,32.3,16.6,2025-02-15 07:13,2025-02-15 18:29,0,17.3,28.4
2025-02-16,22.5,31.1,14,2025-02-16 07:12,2025-02-16 18:30,0,10.9,19.1
2025-02-17,22.9,30.5,15.4,2025-02-17 07:11,2025-02-17 18:31,0,8.2,16.6
2025-02-18,23.7,30.4,17.6,2025-02-18 07:10,2025-02-18 18:31,0,16,32.8
2025-02-19,23.1,30,16.9,2025-02-19 07:09,2025-02-19 18:32,0.8,15.9,31.7
2025-02-20,21.8,30.2,14.6,2025-02-20 07:09,2025-02-20 18:33,0,15.6,32.4
2025-02-21,20.8,27.9,15,2025-02-21 07:08,2025-02-21 18:33,0,11.8,24.5
2025-02-22,20.9,28.7,14.4,2025-02-22 07:07,2025-02-22 18:34,0,11.1,23.8
2025-02-23,21.9,29.4,15.4,2025-02-23 07:06,2025-02-23 18:34,0,10.1,24.1
2025-02-24,22.7,31,15.1,2025-02-24 07:05,2025-02-24 18:35,0,10.1,24.8
2025-02-25,24.1,32.5,16.5,2025-02-25 07:04,2025-02-25 18:36,0,11.1,23.8
2025-02-26,24.9,33.5,16.8,2025-02-26 07:03,2025-02-26 18:36,0,9.9,23.4
2025-02-27,25,32.4,18.4,2025-02-27 07:02,2025-02-27 18:37,0,14.3,28.4
2025-02-28,23.6,29.4,18.5,2025-02-28 07:01,2025-02-28 18:37,0,16,31
2025-03-01,23.8,30.5,17.7,2025-03-01 07:00,2025-03-01 18:38,0,14.8,26.6